3036411561	
3077508964	
3130438533	
3195291446	
3260691352	
3327432481	
3397360172	
3466966586	
3537347209	
3611815674	
3686820666	
3763841250	
3840146188	
3915468399	
3991511972	
4066146187	
4139069309	
4211963286	
4286208137	
4362028729	
4438225426	
4515847838	
4596214724	
4676988799	
4757458452	
4839830032	
4925125490	
5012680903	
5101126260	
5189529479	
5278768996	
5365286345	
5448157934	
5531794369	
5614317064	
5697950314	
5779968275	
5861934009	
5943024724	
6023047888	
6102001950	
6180015757	
6257804216	
6335086088	
6412516968	
6490176815	
6567959806	
6645716553	
6724646992	
6803742004	
6883512372	
6964638027	
7043105591	
7124543962